{"cameraMode":{"drawMode":0,"name":"Shaded","section":"Shading Mode"},"sceneLighting":true,"audioPlay":false,"sceneViewState":{"m_AlwaysRefresh":false,"showFog":true,"showSkybox":true,"showFlares":true,"showImageEffects":true,"showParticleSystems":true,"showVisualEffectGraphs":true,"m_FxEnabled":true},"in2DMode":false,"pivot":{"x":14.433038711547852,"y":46.86064910888672,"z":106.14299774169922},"rotation":{"x":0.181660994887352,"y":-0.010072535835206509,"z":0.0007613208144903183,"w":-0.9848261475563049},"size":11.41646957397461,"orthographic":false}