{"cameraMode":{"drawMode":0,"name":"Shaded","section":"Shading Mode"},"sceneLighting":true,"audioPlay":false,"sceneViewState":{"m_AlwaysRefresh":false,"showFog":true,"showSkybox":true,"showFlares":true,"showImageEffects":true,"showParticleSystems":true,"showVisualEffectGraphs":true,"m_FxEnabled":true},"in2DMode":false,"pivot":{"x":-46.88859558105469,"y":9.176054000854493,"z":33.99828338623047},"rotation":{"x":0.5914570093154907,"y":0.028944870457053186,"z":0.024251027032732965,"w":-0.8073012828826904},"size":58.97761535644531,"orthographic":false}