{"cameraMode":{"drawMode":0,"name":"Shaded","section":"Shading Mode"},"sceneLighting":true,"audioPlay":false,"sceneViewState":{"m_AlwaysRefresh":false,"showFog":true,"showSkybox":true,"showFlares":true,"showImageEffects":true,"showParticleSystems":true,"showVisualEffectGraphs":true,"m_FxEnabled":true},"in2DMode":false,"pivot":{"x":-1.724310040473938,"y":46.86065673828125,"z":106.14299774169922},"rotation":{"x":0.08638618886470795,"y":0.007432037498801947,"z":0.0031654529739171268,"w":-0.9977232217788696},"size":51.87615966796875,"orthographic":false}