{"cameraMode":{"drawMode":0,"name":"Shaded","section":"Shading Mode"},"sceneLighting":false,"audioPlay":false,"sceneViewState":{"m_AlwaysRefresh":false,"showFog":true,"showSkybox":false,"showFlares":true,"showImageEffects":true,"showParticleSystems":true,"showVisualEffectGraphs":true,"m_FxEnabled":true},"in2DMode":false,"pivot":{"x":-0.07085144519805908,"y":1.2394202947616578,"z":0.16865283250808717},"rotation":{"x":0.07196341454982758,"y":0.8219994306564331,"z":-0.1066322848200798,"w":0.5547833442687988},"size":2.0091888904571535,"orthographic":false}