{"cameraMode":{"drawMode":0,"name":"Shaded","section":"Shading Mode"},"sceneLighting":false,"audioPlay":false,"sceneViewState":{"m_AlwaysRefresh":false,"showFog":true,"showSkybox":false,"showFlares":true,"showImageEffects":true,"showParticleSystems":true,"showVisualEffectGraphs":true,"m_FxEnabled":true},"in2DMode":false,"pivot":{"x":102.72021484375,"y":-34.394927978515628,"z":5.117706298828125},"rotation":{"x":-0.1342940628528595,"y":0.0000023149318622017747,"z":-0.00000224766108658514,"w":0.9909474849700928},"size":606.2177734375,"orthographic":false}